{"current":"Allure","presets":{"Allure":{"section_vertical_spacing":"md","heading_color":"#1c1c1c","text_color":"#1c1c1c","background":"#efefef","secondary_background":"#ffffff","success_color":"#307a07","error_color":"#cb2b2b","header_background":"#ffffff","header_text_color":"#1c1c1c","footer_background":"#ffffff","footer_text_color":"#1c1c1c","modal_background":"#ffffff","modal_text_color":"#1c1c1c","primary_button_background":"#1c1c1c","primary_button_text_color":"#ffffff","product_rating_color":"#1c1c1c","heading_font":"univers_next_n4","heading_letter_spacing":18,"text_font":"univers_next_n4","text_font_size_desktop":14,"button_letter_spacing":18},"Couture":{"section_vertical_spacing":"md","heading_color":"#5c5c5c","text_color":"#5c5c5c","background":"#ffffff","secondary_background":"#ffffff","success_color":"#307a07","error_color":"#cb2b2b","header_background":"#ffffff","header_text_color":"#303030","footer_background":"#ffffff","footer_text_color":"#303030","modal_background":"#ffffff","modal_text_color":"#303030","primary_button_background":"#5c5c5c","primary_button_text_color":"#ffffff","product_rating_color":"#1c1c1c","heading_font":"futura_n4","heading_letter_spacing":18,"text_font":"century_gothic_n4","text_font_size_desktop":14,"button_letter_spacing":18},"Vogue":{"section_vertical_spacing":"xs","heading_color":"#303030","text_color":"#303030","background":"#ffffff","secondary_background":"#ffffff","success_color":"#307a07","error_color":"#cb2b2b","header_background":"#ffffff","header_text_color":"#303030","footer_background":"#ffffff","footer_text_color":"#303030","modal_background":"#ffffff","modal_text_color":"#303030","primary_button_background":"#f5db8b","primary_button_text_color":"#303030","product_rating_color":"#1c1c1c","heading_font":"din_neuzeit_grotesk_n3","heading_letter_spacing":18,"text_font":"futura_n4","text_font_size_desktop":14,"button_letter_spacing":18}}}